<?xml version="1.0" encoding="UTF-8"?>
<beans 
	xmlns="http://www.springframework.org/schema/beans"
	xmlns:xsi="http://www.w3.org/2001/XMLSchema-instance" 
	xmlns:context="http://www.springframework.org/schema/context" 
	xsi:schemaLocation="http://www.springframework.org/schema/beans http://www.springframework.org/schema/beans/spring-beans.xsd
	http://www.springframework.org/schema/context http://www.springframework.org/schema/context/spring-context.xsd
	http://www.springframework.org/schema/task http://www.springframework.org/schema/task/spring-task-3.0.xsd">
        
       <context:component-scan base-package="com"/>
       <bean id="viewResolver"
		class="org.springframework.web.servlet.view.InternalResourceViewResolver">
		<property name="prefix" value="/" />
		<property name="suffix" value=".jsp" />
	</bean>
        
        
        <bean id="sessionFactory" class="org.springframework.orm.hibernate5.LocalSessionFactoryBean">
        <property name="hibernateProperties">
        <props>
				<prop key="hibernate.connection.release_mode">auto</prop>
				<prop key="hibernate.connection.show_sql">true</prop>
				<prop key="hibernate.connection.format_sql">true</prop>
				<prop key="hibernate.connection.driver_class">oracle.jdbc.driver.OracleDriver</prop>
				<prop key="hibernate.connection.dialect">org.hibernate.dialect.Oracle10gDialect</prop>
				<!-- <prop key="hibernate.dialect">org.hibernate.dialect.Oracle10gDialect</prop> -->
				<!-- <prop key="hibernate.dialect">org.hibernate.dialect.PostgreSQLDialect</prop> -->
				<prop key="hibernate.connection.current_session_context_class">thread</prop>
				<prop key="hibernate.connection.default_schema">stsmdm</prop>
				<prop key="hibernate.connection.url">jdbc:oracle:thin:@192.168.1.249:1521:ORCL</prop>
				<prop key="hibernate.connection.username">stsmdm</prop>
				<prop key="hibernate.connection.password">stsmdm</prop>
			</props>
        </property>
        	<property name="packagesToScan" value="com.entity"></property>
        </bean>
        
     
   </beans>